<?xml version="1.0" ?>
<LOG_ROOT>
	<PROJECT NAME="ModelMachine_Top">
		<CBX_INST_ENTRY INSTANCE_NAME="|ModelMachine_Top|mux3_1:inst9|lpm_mux:Mux0" CBX_FILE_NAME="mux_qbc.tdf"/>
		<CBX_INST_ENTRY INSTANCE_NAME="|ModelMachine_Top|reg_group:inst3|lpm_mux:Mux9" CBX_FILE_NAME="mux_qbc.tdf"/>
		<CBX_INST_ENTRY INSTANCE_NAME="|ModelMachine_Top|au:inst1|lpm_add_sub:Add1" CBX_FILE_NAME="add_sub_sjh.tdf"/>
		<CBX_INST_ENTRY INSTANCE_NAME="|ModelMachine_Top|au:inst1|lpm_mux:Mux0" CBX_FILE_NAME="mux_fdc.tdf"/>
		<CBX_INST_ENTRY INSTANCE_NAME="|ModelMachine_Top|au:inst1|lpm_mux:Mux8" CBX_FILE_NAME="mux_fdc.tdf"/>
		<CBX_INST_ENTRY INSTANCE_NAME="|ModelMachine_Top|mux3_1:inst9|lpm_mux:Mux1" CBX_FILE_NAME="mux_qbc.tdf"/>
		<CBX_INST_ENTRY INSTANCE_NAME="|ModelMachine_Top|reg_group:inst3|lpm_mux:Mux11" CBX_FILE_NAME="mux_qbc.tdf"/>
		<CBX_INST_ENTRY INSTANCE_NAME="|ModelMachine_Top|reg_group:inst3|lpm_mux:Mux2" CBX_FILE_NAME="mux_qbc.tdf"/>
		<CBX_INST_ENTRY INSTANCE_NAME="|ModelMachine_Top|au:inst1|lpm_mux:Mux1" CBX_FILE_NAME="mux_fdc.tdf"/>
		<CBX_INST_ENTRY INSTANCE_NAME="|ModelMachine_Top|mux3_1:inst9|lpm_mux:Mux2" CBX_FILE_NAME="mux_qbc.tdf"/>
		<CBX_INST_ENTRY INSTANCE_NAME="|ModelMachine_Top|reg_group:inst3|lpm_mux:Mux12" CBX_FILE_NAME="mux_qbc.tdf"/>
		<CBX_INST_ENTRY INSTANCE_NAME="|ModelMachine_Top|reg_group:inst3|lpm_mux:Mux3" CBX_FILE_NAME="mux_qbc.tdf"/>
		<CBX_INST_ENTRY INSTANCE_NAME="|ModelMachine_Top|au:inst1|lpm_mux:Mux2" CBX_FILE_NAME="mux_fdc.tdf"/>
		<CBX_INST_ENTRY INSTANCE_NAME="|ModelMachine_Top|mux3_1:inst9|lpm_mux:Mux3" CBX_FILE_NAME="mux_qbc.tdf"/>
		<CBX_INST_ENTRY INSTANCE_NAME="|ModelMachine_Top|reg_group:inst3|lpm_mux:Mux13" CBX_FILE_NAME="mux_qbc.tdf"/>
		<CBX_INST_ENTRY INSTANCE_NAME="|ModelMachine_Top|reg_group:inst3|lpm_mux:Mux4" CBX_FILE_NAME="mux_qbc.tdf"/>
		<CBX_INST_ENTRY INSTANCE_NAME="|ModelMachine_Top|au:inst1|lpm_mux:Mux3" CBX_FILE_NAME="mux_fdc.tdf"/>
		<CBX_INST_ENTRY INSTANCE_NAME="|ModelMachine_Top|mux3_1:inst9|lpm_mux:Mux4" CBX_FILE_NAME="mux_qbc.tdf"/>
		<CBX_INST_ENTRY INSTANCE_NAME="|ModelMachine_Top|pc:inst|lpm_add_sub:Add0" CBX_FILE_NAME="add_sub_fnh.tdf"/>
		<CBX_INST_ENTRY INSTANCE_NAME="|ModelMachine_Top|reg_group:inst3|lpm_mux:Mux14" CBX_FILE_NAME="mux_qbc.tdf"/>
		<CBX_INST_ENTRY INSTANCE_NAME="|ModelMachine_Top|reg_group:inst3|lpm_mux:Mux5" CBX_FILE_NAME="mux_qbc.tdf"/>
		<CBX_INST_ENTRY INSTANCE_NAME="|ModelMachine_Top|au:inst1|lpm_mux:Mux4" CBX_FILE_NAME="mux_fdc.tdf"/>
		<CBX_INST_ENTRY INSTANCE_NAME="|ModelMachine_Top|mux3_1:inst9|lpm_mux:Mux5" CBX_FILE_NAME="mux_qbc.tdf"/>
		<CBX_INST_ENTRY INSTANCE_NAME="|ModelMachine_Top|reg_group:inst3|lpm_mux:Mux15" CBX_FILE_NAME="mux_qbc.tdf"/>
		<CBX_INST_ENTRY INSTANCE_NAME="|ModelMachine_Top|reg_group:inst3|lpm_mux:Mux6" CBX_FILE_NAME="mux_qbc.tdf"/>
		<CBX_INST_ENTRY INSTANCE_NAME="|ModelMachine_Top|au:inst1|lpm_mux:Mux5" CBX_FILE_NAME="mux_fdc.tdf"/>
		<CBX_INST_ENTRY INSTANCE_NAME="|ModelMachine_Top|mux3_1:inst9|lpm_mux:Mux6" CBX_FILE_NAME="mux_qbc.tdf"/>
		<CBX_INST_ENTRY INSTANCE_NAME="|ModelMachine_Top|reg_group:inst3|lpm_mux:Mux7" CBX_FILE_NAME="mux_qbc.tdf"/>
		<CBX_INST_ENTRY INSTANCE_NAME="|ModelMachine_Top|au:inst1|lpm_mux:Mux6" CBX_FILE_NAME="mux_fdc.tdf"/>
		<CBX_INST_ENTRY INSTANCE_NAME="|ModelMachine_Top|mux3_1:inst9|lpm_mux:Mux7" CBX_FILE_NAME="mux_qbc.tdf"/>
		<CBX_INST_ENTRY INSTANCE_NAME="|ModelMachine_Top|reg_group:inst3|lpm_mux:Mux0" CBX_FILE_NAME="mux_qbc.tdf"/>
		<CBX_INST_ENTRY INSTANCE_NAME="|ModelMachine_Top|reg_group:inst3|lpm_mux:Mux8" CBX_FILE_NAME="mux_qbc.tdf"/>
		<CBX_INST_ENTRY INSTANCE_NAME="|ModelMachine_Top|au:inst1|lpm_add_sub:Add0" CBX_FILE_NAME="add_sub_rjh.tdf"/>
		<CBX_INST_ENTRY INSTANCE_NAME="|ModelMachine_Top|au:inst1|lpm_mux:Mux7" CBX_FILE_NAME="mux_fdc.tdf"/>
		<CBX_INST_ENTRY INSTANCE_NAME="|ModelMachine_Top|reg_group:inst3|lpm_mux:Mux1" CBX_FILE_NAME="mux_qbc.tdf"/>
		<CBX_INST_ENTRY INSTANCE_NAME="|ModelMachine_Top|reg_group:inst3|lpm_mux:Mux10" CBX_FILE_NAME="mux_qbc.tdf"/>
	</PROJECT>
</LOG_ROOT>
